<?xml version="1.0" encoding="UTF-8"?>
<project-private xmlns="http://www.netbeans.org/ns/project-private/1">
    <data xmlns="http://www.netbeans.org/ns/make-project-private/1">
        <activeConfTypeElem>1</activeConfTypeElem>
        <activeConfIndexElem>0</activeConfIndexElem>
    </data>
    <editor-bookmarks xmlns="http://www.netbeans.org/ns/editor-bookmarks/2" lastBookmarkId="0"/>
    <open-files xmlns="http://www.netbeans.org/ns/projectui-open-files/2">
        <group>
            <file>file:/C:/Users/admin/Documents/NetBeansProjects/P1-EDAII/src_skeleton/file_utils.h</file>
            <file>file:/C:/Users/admin/Documents/NetBeansProjects/P1-EDAII/src_skeleton/sort.c</file>
            <file>file:/C:/Users/admin/Documents/NetBeansProjects/P1-EDAII/src_skeleton/hash_table.c</file>
            <file>file:/C:/Users/admin/Documents/NetBeansProjects/P1-EDAII/src_skeleton/main.c</file>
            <file>file:/C:/Users/admin/Documents/NetBeansProjects/P1-EDAII/src_skeleton/hash_table.h</file>
            <file>file:/C:/Users/admin/Documents/NetBeansProjects/P1-EDAII/src_skeleton/main.h</file>
            <file>file:/C:/Users/admin/Documents/NetBeansProjects/P1-EDAII/src_skeleton/linked_list.c</file>
            <file>file:/C:/Users/admin/Documents/NetBeansProjects/P1-EDAII/src_skeleton/sort.h</file>
            <file>file:/C:/Users/admin/Documents/NetBeansProjects/P1-EDAII/src_skeleton/word_info.h</file>
            <file>file:/C:/Users/admin/Documents/NetBeansProjects/P1-EDAII/src_skeleton/file_utils.c</file>
            <file>file:/C:/Users/admin/Documents/NetBeansProjects/P1-EDAII/src_skeleton/linked_list.h</file>
            <file>file:/C:/Users/admin/Documents/NetBeansProjects/P1-EDAII/src_skeleton/word_info.c</file>
        </group>
    </open-files>
</project-private>
