<?xml version="1.0" encoding="UTF-8"?>
<configurationDescriptor version="95">
  <logicalFolder name="root" displayName="root" projectFiles="true" kind="ROOT">
    <logicalFolder name="HeaderFiles"
                   displayName="Header Files"
                   projectFiles="true">
      <itemPath>src_skeleton/commons.h</itemPath>
      <itemPath>src_skeleton/file_utils.h</itemPath>
      <itemPath>src_skeleton/hash_table.h</itemPath>
      <itemPath>src_skeleton/linked_list.h</itemPath>
      <itemPath>src_skeleton/main.h</itemPath>
      <itemPath>src_skeleton/sort.h</itemPath>
      <itemPath>src_skeleton/word_info.h</itemPath>
    </logicalFolder>
    <logicalFolder name="ResourceFiles"
                   displayName="Resource Files"
                   projectFiles="true">
    </logicalFolder>
    <logicalFolder name="SourceFiles"
                   displayName="Source Files"
                   projectFiles="true">
      <itemPath>src_skeleton/file_utils.c</itemPath>
      <itemPath>src_skeleton/hash_table.c</itemPath>
      <itemPath>src_skeleton/linked_list.c</itemPath>
      <itemPath>src_skeleton/main.c</itemPath>
      <itemPath>src_skeleton/sort.c</itemPath>
      <itemPath>src_skeleton/word_info.c</itemPath>
    </logicalFolder>
    <logicalFolder name="ExternalFiles"
                   displayName="Important Files"
                   projectFiles="false">
      <itemPath>Makefile</itemPath>
    </logicalFolder>
  </logicalFolder>
  <projectmakefile>Makefile</projectmakefile>
  <confs>
    <conf name="Debug" type="1">
      <toolsSet>
        <compilerSet>default</compilerSet>
        <dependencyChecking>true</dependencyChecking>
        <rebuildPropChanged>false</rebuildPropChanged>
      </toolsSet>
      <compileType>
      </compileType>
      <item path="src_skeleton/commons.h" ex="false" tool="3" flavor2="0">
      </item>
      <item path="src_skeleton/file_utils.c" ex="false" tool="0" flavor2="0">
      </item>
      <item path="src_skeleton/file_utils.h" ex="false" tool="3" flavor2="0">
      </item>
      <item path="src_skeleton/hash_table.c" ex="false" tool="0" flavor2="0">
      </item>
      <item path="src_skeleton/hash_table.h" ex="false" tool="3" flavor2="0">
      </item>
      <item path="src_skeleton/linked_list.c" ex="false" tool="0" flavor2="0">
      </item>
      <item path="src_skeleton/linked_list.h" ex="false" tool="3" flavor2="0">
      </item>
      <item path="src_skeleton/main.c" ex="false" tool="0" flavor2="0">
      </item>
      <item path="src_skeleton/main.h" ex="false" tool="3" flavor2="0">
      </item>
      <item path="src_skeleton/sort.c" ex="false" tool="0" flavor2="0">
      </item>
      <item path="src_skeleton/sort.h" ex="false" tool="3" flavor2="0">
      </item>
      <item path="src_skeleton/word_info.c" ex="false" tool="0" flavor2="0">
      </item>
      <item path="src_skeleton/word_info.h" ex="false" tool="3" flavor2="0">
      </item>
    </conf>
    <conf name="Release" type="1">
      <toolsSet>
        <compilerSet>default</compilerSet>
        <dependencyChecking>true</dependencyChecking>
        <rebuildPropChanged>false</rebuildPropChanged>
      </toolsSet>
      <compileType>
        <cTool>
          <developmentMode>5</developmentMode>
        </cTool>
        <ccTool>
          <developmentMode>5</developmentMode>
        </ccTool>
        <fortranCompilerTool>
          <developmentMode>5</developmentMode>
        </fortranCompilerTool>
        <asmTool>
          <developmentMode>5</developmentMode>
        </asmTool>
      </compileType>
      <item path="src_skeleton/commons.h" ex="false" tool="3" flavor2="0">
      </item>
      <item path="src_skeleton/file_utils.c" ex="false" tool="0" flavor2="0">
      </item>
      <item path="src_skeleton/file_utils.h" ex="false" tool="3" flavor2="0">
      </item>
      <item path="src_skeleton/hash_table.c" ex="false" tool="0" flavor2="0">
      </item>
      <item path="src_skeleton/hash_table.h" ex="false" tool="3" flavor2="0">
      </item>
      <item path="src_skeleton/linked_list.c" ex="false" tool="0" flavor2="0">
      </item>
      <item path="src_skeleton/linked_list.h" ex="false" tool="3" flavor2="0">
      </item>
      <item path="src_skeleton/main.c" ex="false" tool="0" flavor2="0">
      </item>
      <item path="src_skeleton/main.h" ex="false" tool="3" flavor2="0">
      </item>
      <item path="src_skeleton/sort.c" ex="false" tool="0" flavor2="0">
      </item>
      <item path="src_skeleton/sort.h" ex="false" tool="3" flavor2="0">
      </item>
      <item path="src_skeleton/word_info.c" ex="false" tool="0" flavor2="0">
      </item>
      <item path="src_skeleton/word_info.h" ex="false" tool="3" flavor2="0">
      </item>
    </conf>
  </confs>
</configurationDescriptor>
